Philip;Fry;fry@planetexpress.com
Turanga;Leela;leela@planetexpress.com
Bender;Rodriguez;bender@planetexpress.com
Amy;Wong;amy@planetexpress.com
Hermes;Conrad;hermes@planetexpress.com
fran;riva;fran@upm.es
alex;sanchez;alex@upm.es
luis;lolo;luis@upm.es
qweqwe;qweqweqwe;qwe@planetexpress.com
tete;titi;tete@upm.es
pppp;qqqq;pppp@upm.es
rere;tete;rere@upm.es
